{
  "use_log_target": true,
  "cap_minutes": 149.0,
  "blend_weights": {
    "ridge": 0.8500000000000001,
    "sgd": 0.8500000000000001
  },
  "split": {
    "train_frac": 0.8,
    "val_frac": 0.1,
    "min_per_point": 50
  }
}